model,train_accuracy,test_accuracy,precision_macro,recall_macro,f1_macro
Logistic Regression,0.6685918764517547,0.6660808435852372,0.6630642379821744,0.6677429742333953,0.6622080918835703
