model,train_accuracy,test_accuracy,precision_macro,recall_macro,f1_macro
Logistic Regression,0.9930943562056627,0.9902083856389656,0.9903388537840598,0.9902216830387482,0.9902640471002814
