model,train_accuracy,test_accuracy,precision_macro,recall_macro,f1_macro
Random Forest,0.9639650951095486,0.9535525985438112,0.9553093238826721,0.9535377362906049,0.9537646538986398
