model,train_accuracy,test_accuracy,precision_macro,recall_macro,f1_macro
Random Forest,0.9911482202272585,0.9708762239517952,0.9712031225542265,0.9709954862105699,0.9710021761265191
