model,train_accuracy,test_accuracy,precision_macro,recall_macro,f1_macro
Random Forest,0.9311318977964719,0.75671604318353,0.7560133654243351,0.7583997483810454,0.7529234677277047
