model,kernel,C,gamma,train_accuracy,test_accuracy,precision_macro,recall_macro,f1_macro,training_time,n_support_vectors
SVM_Linear,linear,1.0,N/A,0.711720760876389,0.7178006527742907,0.7167431496996447,0.7210369546617841,0.704271845252883,0.6410198211669922,1844
