model,kernel,C,gamma,train_accuracy,test_accuracy,precision_macro,recall_macro,f1_macro,training_time,n_support_vectors
SVM_RBF,rbf,10,scale,0.5301651076652646,0.5121767511925684,0.5417389373614053,0.5129366590469558,0.5057640788324503,2.4726221561431885,4283
