model,kernel,C,gamma,train_accuracy,test_accuracy,precision_macro,recall_macro,f1_macro,training_time,n_support_vectors
SVM_Linear,linear,1.0,N/A,0.38288655910603303,0.3853878985689179,0.3798721536052218,0.3856350663963261,0.3740387066523487,1.0394110679626465,2786
