metric,RBF,Linear,Difference
Test Accuracy,0.5121767511925684,0.3853878985689179,0.12678885262365053
F1-Score,0.5057640788324503,0.3740387066523487,0.13172537218010166
Training Time (s),2.4726221561431885,1.0394110679626465,1.433211088180542
Support Vectors,4283.0,2786.0,1497.0
