model,kernel,C,gamma,train_accuracy,test_accuracy,precision_macro,recall_macro,f1_macro,training_time,n_support_vectors
SVM_RBF,rbf,10,scale,0.9839286835331785,0.9440120512176752,0.9441281032876292,0.9442971050715073,0.9441856946568343,1.4631659984588623,2808
