metric,RBF,Linear,Difference
Test Accuracy,0.928194828019081,0.7178006527742907,0.21039417524479032
F1-Score,0.928621025674582,0.704271845252883,0.22434918042169905
Training Time (s),0.9473268985748291,0.6410198211669922,0.3063070774078369
Support Vectors,2708.0,1844.0,864.0
