model,train_accuracy,test_accuracy,precision_macro,recall_macro,f1_macro
XGBoost,0.9895787557285454,0.9545568666834044,0.9559946255771371,0.9545524496340855,0.954756473599175
