model,train_accuracy,test_accuracy,precision_macro,recall_macro,f1_macro
XGBoost,1.0,0.9939743911624404,0.9940053467186667,0.9940038304492633,0.9940030511627306
