model,train_accuracy,test_accuracy,precision_macro,recall_macro,f1_macro
XGBoost,0.9320735764956997,0.772533266382124,0.7708062160106611,0.7739900138727415,0.7701308283068068
