Model,Accuracy,F1-Score (Weighted),F1-Score (Macro),Precision (Weighted),Precision (Macro),Recall (Weighted),Recall (Macro),ROC-AUC (OvR)
Logistic Regression,0.9899573186040673,0.9899661191846144,0.9900147117931987,0.9900119477226843,0.9900985549290633,0.9899573186040673,0.9899680047028782,0.9996912082133619
Random Forest,0.9711272909866935,0.9711220367784629,0.9712515315660241,0.9713081553036881,0.9714395858749972,0.9711272909866935,0.9712568404222854,0.99835099590188
XGBoost,0.9947275922671354,0.994727463309872,0.9947531916150738,0.9947286641303019,0.9947582103250124,0.9947275922671354,0.9947495137051826,0.9999589341667658
MLP Classifier,0.984182776801406,0.9841958899475505,0.9842725041278487,0.9842205535197046,0.9843309426955692,0.984182776801406,0.9842255134880116,0.9995464326347399
SVM (Linear),0.9327140346472508,0.9327573632861877,0.933080827541294,0.9335178207284112,0.9338664332727706,0.9327140346472508,0.9330197457225714,
SVM (RBF),0.9440120512176752,0.9439613495167488,0.9441856946568343,0.9439646696269042,0.9441281032876292,0.9440120512176752,0.9442971050715073,
