Model,Accuracy,F1-Score (Weighted),F1-Score (Macro),Precision (Weighted),Precision (Macro),Recall (Weighted),Recall (Macro),ROC-AUC (OvR)
Logistic Regression,0.9902083856389656,0.9902166180805804,0.9902640471002814,0.9902571815194904,0.9903388537840598,0.9902083856389656,0.9902216830387482,0.9996650004079944
Random Forest,0.9708762239517952,0.9708755618758487,0.9710021761265191,0.9710671674181575,0.9712031225542265,0.9708762239517952,0.9709954862105699,0.9984410207468817
XGBoost,0.9939743911624404,0.9939736198976871,0.9940030511627306,0.9939758918237478,0.9940053467186667,0.9939743911624404,0.9940038304492633,0.999957499668172
MLP Classifier,0.984182776801406,0.9841958899475504,0.9842725041278486,0.9842205535197046,0.9843309426955692,0.984182776801406,0.9842255134880116,0.9995464326347399
SVM (Linear),0.9327140346472508,0.9327573632861877,0.933080827541294,0.9335178207284112,0.9338664332727706,0.9327140346472508,0.9330197457225714,
SVM (RBF),0.9440120512176752,0.9439613495167487,0.9441856946568344,0.9439646696269042,0.9441281032876292,0.9440120512176752,0.9442971050715073,
