Method,N_Features,CV_F1,Test_F1,Test_Accuracy
Baseline (All Features),57,0.7601874973282552,0.7581494170157806,0.7617373838814964
RFE,49,0.7643002933938889,0.7628515986249319,0.7660055234747678
SelectKBest (Mutual Info),37,0.7657163829209168,0.7636065757447942,0.7662565905096661
Importance Threshold,43,0.7618183982494442,0.758272650324498,0.7614863168465981
Consensus (2+ methods),43,,0.7580484336470922,0.7609841827768014
