threshold,n_features,f1_mean,f1_std
0.001,26,0.9681798378628889,0.001353661210156515
0.005,19,0.9699940479607193,0.0010610092233349219
0.01,12,0.9700100330862117,0.0013946464345431521
0.015,10,0.9683180563563848,0.0027839272841978266
0.02,9,0.9691244849118839,0.003000913649535458
0.025,8,0.9681913110799204,0.0022313242375989516
0.03,7,0.969129928844142,0.0027187175789830553
0.04,5,0.9477626925802154,0.0013122927728010084
0.05,4,0.9503491326584641,0.0020797403269733603
