Model,Train_Score,Val_Score,Gap,Improvement,Recent_Improvement,Status,Saturation
XGBoost,0.7472489900819318,0.7306155835432713,0.016633406538660522,0.02944811764430233,-0.00011080774675364946,GOOD BALANCE,SATURATED - More data unlikely to help significantly
Random Forest,0.7270498145977342,0.7141635098091004,0.01288630478863384,0.030029700369497037,0.00030291577476071474,GOOD BALANCE,SATURATED - More data unlikely to help significantly
MLP Classifier,0.7772077381874085,0.7217821994463495,0.055425538741059044,0.05851324815512926,0.00174090771153379,GOOD BALANCE,SATURATED - More data unlikely to help significantly
